{"train/loss": 2.7837510108947754, "train/class_loss": 1.0743992328643799, "train/box_loss": 0.034187037497758865, "epoch": 2, "trainer/global_step": 799, "_runtime": 1547, "_timestamp": 1642015716, "_step": 17, "valid/loss": 2.567474365234375, "valid/class_loss": 0.9890315532684326, "valid/box_loss": 0.03156885504722595, "COCOMetric/AP (IoU=0.50:0.95) area=all": 2.8607196327357087e-06, "COCOMetric": 1.4496549738396425e-05, "COCOMetric/AP (IoU=0.50) area=all": 1.4496549738396425e-05, "COCOMetric/AP (IoU=0.75) area=all": 0.0, "COCOMetric/AP (IoU=0.50:0.95) area=small": 1.3907184666095418e-06, "COCOMetric/AP (IoU=0.50:0.95) area=medium": 3.174590892740525e-05, "COCOMetric/AP (IoU=0.50:0.95) area=large": 0.0, "COCOMetric/AR (IoU=0.50:0.95) area=all maxDets=1": 0.0, "COCOMetric/AR (IoU=0.50:0.95) area=all maxDets=10": 0.0, "COCOMetric/AR (IoU=0.50:0.95) area=all maxDets=100": 0.0038775510620325804, "COCOMetric/AR (IoU=0.50:0.95) area=small maxDets=100": 0.0026315790601074696, "COCOMetric/AR (IoU=0.50:0.95) area=medium maxDets=100": 0.012121211737394333, "COCOMetric/AR (IoU=0.50:0.95) area=large maxDets=100": 0.0}