{"train/loss": 5.352777481079102, "train/class_loss": 1.1381169557571411, "train/box_loss": 0.08429320901632309, "epoch": 0, "trainer/global_step": 149, "_runtime": 291, "_timestamp": 1642014460, "_step": 2}